{
  "RNN": {
    "final_loss": 0.005920979660004377,
    "loss_history": [
      1.1354899406433105,
      0.897987425327301,
      0.7249187231063843,
      0.5949671268463135,
      0.489772766828537,
      0.4119090735912323,
      0.3515991270542145,
      0.3169044852256775,
      0.27347978949546814,
      0.2274969518184662,
      0.19918641448020935,
      0.18331539630889893,
      0.17089666426181793,
      0.15682075917720795,
      0.1353033035993576,
      0.11887378990650177,
      0.11111052334308624,
      0.10036065429449081,
      0.09145910292863846,
      0.08246687799692154,
      0.08263807743787766,
      0.08101622760295868,
      0.07119380682706833,
      0.0637640729546547,
      0.06176640838384628,
      0.057053472846746445,
      0.054938286542892456,
      0.05103110522031784,
      0.04814713075757027,
      0.04527827352285385,
      0.04263823851943016,
      0.041426338255405426,
      0.03840586915612221,
      0.03667113184928894,
      0.03334172070026398,
      0.03128392994403839,
      0.0295253973454237,
      0.027275830507278442,
      0.026153236627578735,
      0.02472686767578125,
      0.02279594913125038,
      0.021605318412184715,
      0.021034248173236847,
      0.02019326388835907,
      0.018831901252269745,
      0.01731674186885357,
      0.016016237437725067,
      0.015016295947134495,
      0.014202610589563847,
      0.013533435761928558,
      0.013426429592072964,
      0.01632130891084671,
      0.030254380777478218,
      0.045174743980169296,
      0.015572473406791687,
      0.024811455979943275,
      0.0258456040173769,
      0.013379612937569618,
      0.026080917567014694,
      0.010586542077362537,
      0.022383669391274452,
      0.010223803110420704,
      0.020212918519973755,
      0.009939219802618027,
      0.01682981476187706,
      0.010921052657067776,
      0.014925443567335606,
      0.011028501205146313,
      0.011493586003780365,
      0.011188660748302937,
      0.01241992972791195,
      0.01074882224202156,
      0.011160226538777351,
      0.009603016078472137,
      0.010246102698147297,
      0.01009291596710682,
      0.009795495308935642,
      0.01048286072909832,
      0.009323914535343647,
      0.010122084058821201,
      0.008853429928421974,
      0.009558537974953651,
      0.008814170025289059,
      0.00956323929131031,
      0.008879220113158226,
      0.00936539750546217,
      0.00871263723820448,
      0.009027794934809208,
      0.008548658341169357,
      0.008788816630840302,
      0.008570865727961063,
      0.008731245063245296,
      0.00855971872806549,
      0.008542461320757866,
      0.008403689600527287,
      0.008375966921448708,
      0.008333477191627026,
      0.008324741385877132,
      0.008296322077512741,
      0.008270325139164925,
      0.008190061897039413,
      0.008159090764820576,
      0.00808977335691452,
      0.008101969957351685,
      0.008053641766309738,
      0.008054009638726711,
      0.007982395589351654,
      0.007968669757246971,
      0.007901620119810104,
      0.007910309359431267,
      0.007854190655052662,
      0.00786658190190792,
      0.007792503573000431,
      0.007793145254254341,
      0.007729687262326479,
      0.0077359639108181,
      0.007689399644732475,
      0.007681514136493206,
      0.007637123577296734,
      0.0076149082742631435,
      0.0075861248187720776,
      0.007559945806860924,
      0.007544323801994324,
      0.007505958899855614,
      0.007489646784961224,
      0.007451700512319803,
      0.0074370671063661575,
      0.0074077812023460865,
      0.007385475095361471,
      0.007359846029430628,
      0.007330653723329306,
      0.007311681751161814,
      0.007282956037670374,
      0.00726398266851902,
      0.00723609421402216,
      0.007211929652839899,
      0.007189634721726179,
      0.007163855247199535,
      0.007143623661249876,
      0.007117053493857384,
      0.00709433713927865,
      0.007071123458445072,
      0.007046927697956562,
      0.007025822065770626,
      0.007000865880399942,
      0.006978177465498447,
      0.0069557721726596355,
      0.0069321999326348305,
      0.006910739466547966,
      0.006887275725603104,
      0.0068645477294921875,
      0.006842868868261576,
      0.006819979753345251,
      0.006798239890486002,
      0.006776134483516216,
      0.006753596942871809,
      0.00673233438283205,
      0.006710526533424854,
      0.0066886222921311855,
      0.0066674090921878815,
      0.006645770277827978,
      0.0066244821064174175,
      0.006603643298149109,
      0.006582374218851328,
      0.0065614003688097,
      0.0065408810041844845,
      0.0065201520919799805,
      0.006499601062387228,
      0.006479359231889248,
      0.006459041964262724,
      0.006438922137022018,
      0.0064191087149083614,
      0.006399262230843306,
      0.006379513535648584,
      0.0063600922003388405,
      0.00634077750146389,
      0.006321481429040432,
      0.006302408874034882,
      0.00628355098888278,
      0.006264772266149521,
      0.006246120203286409,
      0.0062276809476315975,
      0.006209399085491896,
      0.006191219203174114,
      0.006173201836645603,
      0.006155372131615877,
      0.006137674208730459,
      0.006120108533650637,
      0.006102703511714935,
      0.006085467990487814,
      0.006068376358598471,
      0.006051418371498585,
      0.006034604273736477,
      0.006017948966473341,
      0.0060014440678060055,
      0.005985070485621691,
      0.005968832410871983,
      0.005952736828476191,
      0.005936786998063326,
      0.005920979660004377
    ],
    "total_time_sec": 6.131007671356201,
    "avg_epoch_time_ms": 30.651129484176636,
    "num_params": 1153,
    "trainable_params": 1153,
    "weight_file_bytes": 7757,
    "convergence": {
      "epoch_to_0.5": 5,
      "epoch_to_0.2": 11,
      "epoch_to_0.1": 19,
      "epoch_to_0.05": 29,
      "epoch_to_0.02": 45,
      "epoch_to_0.01": 64
    },
    "evaluation": {
      "mse": 0.011381963267922401,
      "mae": 0.0657157152891159,
      "rmse": 0.10668628434771923,
      "avg_inference_latency_us": 91.98000002470508
    }
  },
  "GRU": {
    "final_loss": 0.0046163261868059635,